                  epoch,         train/box_loss,         train/cls_loss,         train/dfl_loss,   metrics/precision(B),      metrics/recall(B),       metrics/mAP50(B),    metrics/mAP50-95(B),           val/box_loss,           val/cls_loss,           val/dfl_loss,                 lr/pg0,                 lr/pg1,                 lr/pg2
                      1,                 1.6376,                 2.5133,                 1.6387,                0.17494,                0.20611,                0.14493,                0.07142,                 1.9784,                 2.5489,                 1.7627,             0.00065657,             0.00065657,             0.00065657
                      2,                 1.6449,                 2.0831,                 1.5828,                0.34351,                0.39695,                0.22373,                0.09674,                 2.0417,                 2.9891,                 1.8348,              0.0010612,              0.0010612,              0.0010612
                      3,                 1.6351,                 1.9899,                  1.565,                0.33109,                0.38168,                0.28133,                0.12834,                 2.0288,                 2.3497,                 1.7572,              0.0012019,              0.0012019,              0.0012019
                      4,                 1.5048,                 1.8984,                 1.4993,                0.36363,                0.44656,                0.33939,                0.16375,                 1.9677,                 2.1801,                 1.7234,               0.000812,               0.000812,               0.000812
                      5,                 1.5046,                 1.8062,                 1.5002,                0.54699,                0.42366,                0.40971,                0.21532,                 1.7847,                  1.997,                 1.5675,               0.000416,               0.000416,               0.000416
